inteligencia artificial,9.274509511888027
inteligencia,5.193535052239895
mundo,2.426506232470274
tecnología revolucionaria,9.706439904868603
tecnología,6.083847537636757
procesos,3.497223064303398
